id,first_name,last_name,email,gender,ip_address
1,Mahmud,Halso,mhalso0@nps.gov,Male,128.101.159.128
2,L;urette,Telezhkin,ltelezhkin1@mozilla.com,Female,40.41.17.107
3,Arlette,Hallt,ahallt2@vk.com,Female,210.61.238.159
4,Heidi,Lucus,hlucus3@feedburner.com,Female,185.70.121.145
5,Lindsey,Durante,ldurante4@ibm.com,Female,27.160.135.8
6,Godard,Klouz,gklouz5@blogtalkradio.com,Male,192.24.240.208
7,Merola,Scrivens,mscrivens6@cnn.com,Female,62.149.246.198
8,Berke,Abbett,babbett7@ow.ly,Male,196.165.65.21
9,Melony,Yellep,myellep8@taobao.com,Female,107.42.151.2
10,Arvie,Tabbitt,atabbitt9@nationalgeographic.com,Male,230.154.208.30
11,Hermia,Katz,hkatza@mit.edu,Female,174.207.219.244
12,Karil,Wilkes,kwilkesb@usnews.com,Female,63.192.231.121
13,Worthy,Hewson,whewsonc@pcworld.com,Male,45.147.18.86
14,Laurie,Townsend,ltownsendd@sakura.ne.jp,Male,155.242.249.219
15,Arliene,Kenewel,akenewele@dropbox.com,Female,174.13.129.44
16,Aubrette,Atwell,aatwellf@typepad.com,Female,234.107.205.145
17,Gwenore,Pratty,gprattyg@epa.gov,Female,147.123.77.117
18,Andros,Yes,ayesh@gnu.org,Male,119.215.157.104
19,Darcie,Tyndall,dtyndalli@unblog.fr,Female,19.175.209.66
20,Constantina,Dyhouse,cdyhousej@fema.gov,Female,160.129.103.150
